drug_name,side_effect
aspirin,shortness of breath
aspirin,fatigue
aspirin,blurred vision
aspirin,constipation
aspirin,diarrhea
aspirin,confusion
aspirin,tremors
aspirin,low blood sugar
ibuprofen,joint pain
ibuprofen,constipation
ibuprofen,high blood sugar
ibuprofen,itching
ibuprofen,vomiting
ibuprofen,diarrhea
ibuprofen,low blood sugar
ibuprofen,bleeding
paracetamol,stomach pain
paracetamol,dry mouth
paracetamol,abdominal pain
paracetamol,bruising
paracetamol,vomiting
paracetamol,confusion
paracetamol,palpitations
paracetamol,constipation
naproxen,allergic reaction
naproxen,constipation
naproxen,blurred vision
naproxen,weight gain
naproxen,headache
naproxen,vomiting
naproxen,tremors
naproxen,bruising
diclofenac,dizziness
diclofenac,palpitations
diclofenac,confusion
diclofenac,fatigue
diclofenac,tremors
diclofenac,constipation
diclofenac,weight gain
diclofenac,low blood sugar
celecoxib,insomnia
celecoxib,heartburn
celecoxib,rash
celecoxib,joint pain
celecoxib,constipation
celecoxib,tremors
celecoxib,muscle pain
celecoxib,diarrhea
indomethacin,constipation
indomethacin,itching
indomethacin,low blood sugar
indomethacin,bruising
indomethacin,weakness
indomethacin,drowsiness
indomethacin,allergic reaction
indomethacin,palpitations
ketorolac,low blood pressure
ketorolac,joint pain
ketorolac,cough
ketorolac,dry mouth
ketorolac,blurred vision
ketorolac,abdominal pain
ketorolac,muscle pain
ketorolac,weakness
meloxicam,dry mouth
meloxicam,abdominal pain
meloxicam,cough
meloxicam,low blood sugar
meloxicam,bleeding
meloxicam,drowsiness
meloxicam,joint pain
meloxicam,allergic reaction
piroxicam,palpitations
piroxicam,stomach pain
piroxicam,headache
piroxicam,confusion
piroxicam,abdominal pain
piroxicam,weakness
piroxicam,drowsiness
piroxicam,weight gain
metformin,low blood sugar
metformin,confusion
metformin,diarrhea
metformin,stomach pain
metformin,weakness
metformin,tremors
metformin,palpitations
metformin,blurred vision
glipizide,shortness of breath
glipizide,swelling
glipizide,muscle pain
glipizide,low blood sugar
glipizide,palpitations
glipizide,blurred vision
glipizide,allergic reaction
glipizide,diarrhea
glyburide,abdominal pain
glyburide,tremors
glyburide,high blood pressure
glyburide,stomach pain
glyburide,vomiting
glyburide,joint pain
glyburide,muscle pain
glyburide,fatigue
sitagliptin,bleeding
sitagliptin,palpitations
sitagliptin,weakness
sitagliptin,muscle pain
sitagliptin,nausea
sitagliptin,allergic reaction
sitagliptin,insomnia
sitagliptin,abdominal pain
linagliptin,headache
linagliptin,low blood sugar
linagliptin,constipation
linagliptin,itching
linagliptin,weakness
linagliptin,fatigue
linagliptin,stomach pain
linagliptin,joint pain
alogliptin,dry mouth
alogliptin,blurred vision
alogliptin,weight gain
alogliptin,low blood sugar
alogliptin,diarrhea
alogliptin,abdominal pain
alogliptin,allergic reaction
alogliptin,rash
empagliflozin,tremors
empagliflozin,dizziness
empagliflozin,bruising
empagliflozin,weight loss
empagliflozin,muscle pain
empagliflozin,itching
empagliflozin,insomnia
empagliflozin,swelling
dapagliflozin,weakness
dapagliflozin,allergic reaction
dapagliflozin,fatigue
dapagliflozin,abdominal pain
dapagliflozin,low blood sugar
dapagliflozin,stomach pain
dapagliflozin,headache
dapagliflozin,swelling
canagliflozin,allergic reaction
canagliflozin,nausea
canagliflozin,low blood sugar
canagliflozin,insomnia
canagliflozin,dizziness
canagliflozin,fatigue
canagliflozin,weight gain
canagliflozin,stomach pain
ertugliflozin,confusion
ertugliflozin,joint pain
ertugliflozin,shortness of breath
ertugliflozin,dizziness
ertugliflozin,muscle pain
ertugliflozin,bruising
ertugliflozin,sweating
ertugliflozin,cough
insulin,constipation
insulin,low blood pressure
insulin,blurred vision
insulin,high blood sugar
insulin,rash
insulin,high blood pressure
insulin,weight loss
insulin,dry mouth
liraglutide,blurred vision
liraglutide,constipation
liraglutide,rash
liraglutide,stomach pain
liraglutide,heartburn
liraglutide,allergic reaction
liraglutide,abdominal pain
liraglutide,weight gain
semaglutide,swelling
semaglutide,constipation
semaglutide,heartburn
semaglutide,nausea
semaglutide,palpitations
semaglutide,stomach pain
semaglutide,tremors
semaglutide,weight gain
dulaglutide,joint pain
dulaglutide,vomiting
dulaglutide,stomach pain
dulaglutide,itching
dulaglutide,cough
dulaglutide,rash
dulaglutide,high blood sugar
dulaglutide,shortness of breath
exenatide,sweating
exenatide,muscle pain
exenatide,joint pain
exenatide,high blood pressure
exenatide,constipation
exenatide,low blood sugar
exenatide,bruising
exenatide,dry mouth
acarbose,low blood pressure
acarbose,high blood pressure
acarbose,weight gain
acarbose,cough
acarbose,diarrhea
acarbose,stomach pain
acarbose,constipation
acarbose,joint pain
pioglitazone,swelling
pioglitazone,sweating
pioglitazone,high blood pressure
pioglitazone,drowsiness
pioglitazone,weight gain
pioglitazone,nausea
pioglitazone,heartburn
pioglitazone,high blood sugar
rosiglitazone,joint pain
rosiglitazone,fatigue
rosiglitazone,vomiting
rosiglitazone,cough
rosiglitazone,shortness of breath
rosiglitazone,bruising
rosiglitazone,diarrhea
rosiglitazone,muscle pain
repaglinide,sweating
repaglinide,weight gain
repaglinide,joint pain
repaglinide,drowsiness
repaglinide,insomnia
repaglinide,weakness
repaglinide,headache
repaglinide,tremors
nateglinide,weight loss
nateglinide,high blood sugar
nateglinide,swelling
nateglinide,allergic reaction
nateglinide,cough
nateglinide,blurred vision
nateglinide,low blood pressure
nateglinide,weakness
lisinopril,rash
lisinopril,dry mouth
lisinopril,blurred vision
lisinopril,allergic reaction
lisinopril,heartburn
lisinopril,sweating
lisinopril,weight gain
lisinopril,insomnia
enalapril,vomiting
enalapril,weight loss
enalapril,tremors
enalapril,high blood pressure
enalapril,dizziness
enalapril,heartburn
enalapril,muscle pain
enalapril,cough
ramipril,muscle pain
ramipril,bleeding
ramipril,weight loss
ramipril,joint pain
ramipril,diarrhea
ramipril,headache
ramipril,constipation
ramipril,low blood pressure
captopril,high blood pressure
captopril,rash
captopril,swelling
captopril,itching
captopril,dry mouth
captopril,cough
captopril,bleeding
captopril,low blood pressure
benazepril,nausea
benazepril,high blood pressure
benazepril,muscle pain
benazepril,abdominal pain
benazepril,confusion
benazepril,swelling
benazepril,constipation
benazepril,rash
quinapril,rash
quinapril,high blood pressure
quinapril,insomnia
quinapril,bruising
quinapril,blurred vision
quinapril,shortness of breath
quinapril,drowsiness
quinapril,diarrhea
perindopril,blurred vision
perindopril,low blood pressure
perindopril,weight loss
perindopril,abdominal pain
perindopril,joint pain
perindopril,low blood sugar
perindopril,weight gain
perindopril,stomach pain
fosinopril,vomiting
fosinopril,fatigue
fosinopril,low blood pressure
fosinopril,weight gain
fosinopril,cough
fosinopril,confusion
fosinopril,high blood pressure
fosinopril,dry mouth
trandolapril,muscle pain
trandolapril,fatigue
trandolapril,dizziness
trandolapril,vomiting
trandolapril,nausea
trandolapril,blurred vision
trandolapril,joint pain
trandolapril,shortness of breath
moexipril,heartburn
moexipril,weight gain
moexipril,dizziness
moexipril,bruising
moexipril,low blood sugar
moexipril,weight loss
moexipril,confusion
moexipril,high blood pressure
losartan,itching
losartan,vomiting
losartan,sweating
losartan,weight loss
losartan,fatigue
losartan,high blood sugar
losartan,headache
losartan,weakness
valsartan,shortness of breath
valsartan,sweating
valsartan,confusion
valsartan,dizziness
valsartan,vomiting
valsartan,low blood pressure
valsartan,joint pain
valsartan,insomnia
irbesartan,low blood pressure
irbesartan,weight gain
irbesartan,confusion
irbesartan,dizziness
irbesartan,tremors
irbesartan,stomach pain
irbesartan,sweating
irbesartan,bleeding
telmisartan,vomiting
telmisartan,bleeding
telmisartan,insomnia
telmisartan,nausea
telmisartan,weakness
telmisartan,blurred vision
telmisartan,stomach pain
telmisartan,abdominal pain
olmesartan,fatigue
olmesartan,high blood pressure
olmesartan,headache
olmesartan,constipation
olmesartan,drowsiness
olmesartan,swelling
olmesartan,sweating
olmesartan,bleeding
candesartan,high blood pressure
candesartan,heartburn
candesartan,constipation
candesartan,dry mouth
candesartan,weight gain
candesartan,dizziness
candesartan,vomiting
candesartan,weakness
azilsartan,heartburn
azilsartan,high blood sugar
azilsartan,bleeding
azilsartan,vomiting
azilsartan,weakness
azilsartan,weight gain
azilsartan,diarrhea
azilsartan,allergic reaction
hydralazine,shortness of breath
hydralazine,high blood sugar
hydralazine,weight gain
hydralazine,rash
hydralazine,muscle pain
hydralazine,dizziness
hydralazine,allergic reaction
hydralazine,sweating
isosorbide mononitrate,weight loss
isosorbide mononitrate,high blood pressure
isosorbide mononitrate,high blood sugar
isosorbide mononitrate,dry mouth
isosorbide mononitrate,muscle pain
isosorbide mononitrate,sweating
isosorbide mononitrate,bleeding
isosorbide mononitrate,dizziness
isosorbide dinitrate,rash
isosorbide dinitrate,bleeding
isosorbide dinitrate,dizziness
isosorbide dinitrate,confusion
isosorbide dinitrate,constipation
isosorbide dinitrate,weight loss
isosorbide dinitrate,allergic reaction
isosorbide dinitrate,drowsiness
amlodipine,stomach pain
amlodipine,dry mouth
amlodipine,bruising
amlodipine,weight loss
amlodipine,heartburn
amlodipine,swelling
amlodipine,fatigue
amlodipine,blurred vision
nifedipine,headache
nifedipine,fatigue
nifedipine,joint pain
nifedipine,weight gain
nifedipine,dizziness
nifedipine,bleeding
nifedipine,stomach pain
nifedipine,allergic reaction
felodipine,allergic reaction
felodipine,heartburn
felodipine,blurred vision
felodipine,low blood sugar
felodipine,abdominal pain
felodipine,swelling
felodipine,confusion
felodipine,headache
verapamil,drowsiness
verapamil,bruising
verapamil,high blood sugar
verapamil,blurred vision
verapamil,weight loss
verapamil,itching
verapamil,heartburn
verapamil,insomnia
diltiazem,shortness of breath
diltiazem,abdominal pain
diltiazem,joint pain
diltiazem,vomiting
diltiazem,drowsiness
diltiazem,tremors
diltiazem,allergic reaction
diltiazem,bleeding
nicardipine,vomiting
nicardipine,weakness
nicardipine,swelling
nicardipine,palpitations
nicardipine,sweating
nicardipine,diarrhea
nicardipine,constipation
nicardipine,blurred vision
isradipine,allergic reaction
isradipine,heartburn
isradipine,abdominal pain
isradipine,sweating
isradipine,dizziness
isradipine,vomiting
isradipine,bleeding
isradipine,weakness
clonidine,insomnia
clonidine,tremors
clonidine,dizziness
clonidine,bruising
clonidine,low blood sugar
clonidine,low blood pressure
clonidine,swelling
clonidine,confusion
methyldopa,sweating
methyldopa,blurred vision
methyldopa,fatigue
methyldopa,low blood sugar
methyldopa,muscle pain
methyldopa,drowsiness
methyldopa,diarrhea
methyldopa,dizziness
minoxidil,constipation
minoxidil,insomnia
minoxidil,bruising
minoxidil,stomach pain
minoxidil,dizziness
minoxidil,nausea
minoxidil,shortness of breath
minoxidil,diarrhea
metoprolol,sweating
metoprolol,abdominal pain
metoprolol,allergic reaction
metoprolol,stomach pain
metoprolol,dizziness
metoprolol,bruising
metoprolol,constipation
metoprolol,high blood sugar
atenolol,nausea
atenolol,swelling
atenolol,confusion
atenolol,tremors
atenolol,cough
atenolol,stomach pain
atenolol,vomiting
atenolol,sweating
propranolol,dry mouth
propranolol,headache
propranolol,drowsiness
propranolol,sweating
propranolol,vomiting
propranolol,abdominal pain
propranolol,heartburn
propranolol,fatigue
bisoprolol,cough
bisoprolol,weight gain
bisoprolol,itching
bisoprolol,palpitations
bisoprolol,allergic reaction
bisoprolol,sweating
bisoprolol,swelling
bisoprolol,abdominal pain
carvedilol,tremors
carvedilol,muscle pain
carvedilol,vomiting
carvedilol,sweating
carvedilol,high blood sugar
carvedilol,nausea
carvedilol,low blood pressure
carvedilol,joint pain
nebivolol,high blood sugar
nebivolol,rash
nebivolol,weight loss
nebivolol,high blood pressure
nebivolol,headache
nebivolol,low blood pressure
nebivolol,allergic reaction
nebivolol,constipation
nadolol,bruising
nadolol,low blood sugar
nadolol,blurred vision
nadolol,cough
nadolol,muscle pain
nadolol,heartburn
nadolol,headache
nadolol,drowsiness
sotalol,rash
sotalol,dizziness
sotalol,blurred vision
sotalol,muscle pain
sotalol,vomiting
sotalol,confusion
sotalol,stomach pain
sotalol,nausea
timolol,stomach pain
timolol,sweating
timolol,bruising
timolol,drowsiness
timolol,vomiting
timolol,diarrhea
timolol,swelling
timolol,confusion
esmolol,weakness
esmolol,high blood sugar
esmolol,palpitations
esmolol,dry mouth
esmolol,muscle pain
esmolol,fatigue
esmolol,vomiting
esmolol,allergic reaction
hydrochlorothiazide,insomnia
hydrochlorothiazide,drowsiness
hydrochlorothiazide,tremors
hydrochlorothiazide,bleeding
hydrochlorothiazide,nausea
hydrochlorothiazide,dizziness
hydrochlorothiazide,weight loss
hydrochlorothiazide,weight gain
chlorthalidone,shortness of breath
chlorthalidone,dry mouth
chlorthalidone,diarrhea
chlorthalidone,cough
chlorthalidone,heartburn
chlorthalidone,insomnia
chlorthalidone,abdominal pain
chlorthalidone,nausea
indapamide,swelling
indapamide,weakness
indapamide,abdominal pain
indapamide,high blood pressure
indapamide,dizziness
indapamide,sweating
indapamide,shortness of breath
indapamide,heartburn
furosemide,dry mouth
furosemide,high blood sugar
furosemide,nausea
furosemide,abdominal pain
furosemide,dizziness
furosemide,confusion
furosemide,diarrhea
furosemide,stomach pain
bumetanide,blurred vision
bumetanide,diarrhea
bumetanide,weight loss
bumetanide,vomiting
bumetanide,fatigue
bumetanide,high blood pressure
bumetanide,shortness of breath
bumetanide,headache
torsemide,abdominal pain
torsemide,weight gain
torsemide,fatigue
torsemide,weakness
torsemide,low blood sugar
torsemide,drowsiness
torsemide,joint pain
torsemide,dry mouth
spironolactone,fatigue
spironolactone,palpitations
spironolactone,weight loss
spironolactone,diarrhea
spironolactone,confusion
spironolactone,high blood pressure
spironolactone,muscle pain
spironolactone,sweating
eplerenone,bruising
eplerenone,high blood sugar
eplerenone,dizziness
eplerenone,vomiting
eplerenone,confusion
eplerenone,swelling
eplerenone,palpitations
eplerenone,blurred vision
amiloride,allergic reaction
amiloride,abdominal pain
amiloride,vomiting
amiloride,diarrhea
amiloride,stomach pain
amiloride,shortness of breath
amiloride,insomnia
amiloride,constipation
triamterene,weakness
triamterene,bleeding
triamterene,constipation
triamterene,vomiting
triamterene,shortness of breath
triamterene,tremors
triamterene,swelling
triamterene,headache
simvastatin,low blood sugar
simvastatin,sweating
simvastatin,nausea
simvastatin,low blood pressure
simvastatin,blurred vision
simvastatin,diarrhea
simvastatin,joint pain
simvastatin,weight gain
atorvastatin,weight loss
atorvastatin,abdominal pain
atorvastatin,stomach pain
atorvastatin,high blood pressure
atorvastatin,dizziness
atorvastatin,blurred vision
atorvastatin,diarrhea
atorvastatin,bruising
rosuvastatin,sweating
rosuvastatin,dry mouth
rosuvastatin,itching
rosuvastatin,allergic reaction
rosuvastatin,joint pain
rosuvastatin,shortness of breath
rosuvastatin,low blood sugar
rosuvastatin,weight gain
pravastatin,weakness
pravastatin,stomach pain
pravastatin,high blood pressure
pravastatin,palpitations
pravastatin,weight loss
pravastatin,vomiting
pravastatin,cough
pravastatin,shortness of breath
lovastatin,rash
lovastatin,stomach pain
lovastatin,fatigue
lovastatin,swelling
lovastatin,dizziness
lovastatin,shortness of breath
lovastatin,joint pain
lovastatin,muscle pain
fluvastatin,cough
fluvastatin,dizziness
fluvastatin,nausea
fluvastatin,high blood pressure
fluvastatin,vomiting
fluvastatin,dry mouth
fluvastatin,weight gain
fluvastatin,swelling
pitavastatin,heartburn
pitavastatin,itching
pitavastatin,low blood sugar
pitavastatin,palpitations
pitavastatin,muscle pain
pitavastatin,sweating
pitavastatin,fatigue
pitavastatin,allergic reaction
ezetimibe,low blood pressure
ezetimibe,weight loss
ezetimibe,headache
ezetimibe,rash
ezetimibe,fatigue
ezetimibe,diarrhea
ezetimibe,dry mouth
ezetimibe,nausea
fenofibrate,palpitations
fenofibrate,low blood pressure
fenofibrate,stomach pain
fenofibrate,bleeding
fenofibrate,dizziness
fenofibrate,rash
fenofibrate,heartburn
fenofibrate,low blood sugar
gemfibrozil,stomach pain
gemfibrozil,abdominal pain
gemfibrozil,fatigue
gemfibrozil,sweating
gemfibrozil,high blood pressure
gemfibrozil,insomnia
gemfibrozil,weight loss
gemfibrozil,cough
warfarin,high blood sugar
warfarin,tremors
warfarin,headache
warfarin,joint pain
warfarin,weight loss
warfarin,dry mouth
warfarin,bleeding
warfarin,low blood pressure
heparin,blurred vision
heparin,vomiting
heparin,drowsiness
heparin,nausea
heparin,high blood pressure
heparin,dry mouth
heparin,swelling
heparin,allergic reaction
enoxaparin,blurred vision
enoxaparin,cough
enoxaparin,fatigue
enoxaparin,confusion
enoxaparin,insomnia
enoxaparin,rash
enoxaparin,drowsiness
enoxaparin,constipation
dalteparin,swelling
dalteparin,nausea
dalteparin,shortness of breath
dalteparin,weight loss
dalteparin,confusion
dalteparin,rash
dalteparin,constipation
dalteparin,heartburn
fondaparinux,nausea
fondaparinux,palpitations
fondaparinux,sweating
fondaparinux,joint pain
fondaparinux,diarrhea
fondaparinux,rash
fondaparinux,low blood pressure
fondaparinux,bruising
apixaban,stomach pain
apixaban,joint pain
apixaban,bruising
apixaban,tremors
apixaban,high blood sugar
apixaban,vomiting
apixaban,dizziness
apixaban,constipation
rivaroxaban,constipation
rivaroxaban,palpitations
rivaroxaban,fatigue
rivaroxaban,dry mouth
rivaroxaban,dizziness
rivaroxaban,itching
rivaroxaban,sweating
rivaroxaban,drowsiness
dabigatran,rash
dabigatran,joint pain
dabigatran,bruising
dabigatran,vomiting
dabigatran,blurred vision
dabigatran,weakness
dabigatran,shortness of breath
dabigatran,weight loss
edoxaban,itching
edoxaban,abdominal pain
edoxaban,constipation
edoxaban,confusion
edoxaban,allergic reaction
edoxaban,cough
edoxaban,weakness
edoxaban,stomach pain
clopidogrel,palpitations
clopidogrel,low blood sugar
clopidogrel,constipation
clopidogrel,dizziness
clopidogrel,abdominal pain
clopidogrel,dry mouth
clopidogrel,itching
clopidogrel,drowsiness
ticagrelor,palpitations
ticagrelor,cough
ticagrelor,sweating
ticagrelor,high blood sugar
ticagrelor,rash
ticagrelor,shortness of breath
ticagrelor,headache
ticagrelor,fatigue
prasugrel,high blood pressure
prasugrel,blurred vision
prasugrel,headache
prasugrel,drowsiness
prasugrel,shortness of breath
prasugrel,abdominal pain
prasugrel,diarrhea
prasugrel,heartburn
dipyridamole,high blood sugar
dipyridamole,low blood sugar
dipyridamole,allergic reaction
dipyridamole,bleeding
dipyridamole,low blood pressure
dipyridamole,drowsiness
dipyridamole,weakness
dipyridamole,weight loss
cilostazol,bruising
cilostazol,dizziness
cilostazol,rash
cilostazol,dry mouth
cilostazol,diarrhea
cilostazol,abdominal pain
cilostazol,drowsiness
cilostazol,tremors
nitroglycerin,abdominal pain
nitroglycerin,shortness of breath
nitroglycerin,dry mouth
nitroglycerin,joint pain
nitroglycerin,dizziness
nitroglycerin,blurred vision
nitroglycerin,palpitations
nitroglycerin,heartburn
ranolazine,vomiting
ranolazine,confusion
ranolazine,weakness
ranolazine,weight gain
ranolazine,joint pain
ranolazine,sweating
ranolazine,heartburn
ranolazine,rash
ivabradine,tremors
ivabradine,swelling
ivabradine,constipation
ivabradine,low blood sugar
ivabradine,dizziness
ivabradine,palpitations
ivabradine,insomnia
ivabradine,stomach pain
digoxin,high blood sugar
digoxin,weight gain
digoxin,itching
digoxin,abdominal pain
digoxin,dizziness
digoxin,bleeding
digoxin,headache
digoxin,rash
amiodarone,blurred vision
amiodarone,bleeding
amiodarone,bruising
amiodarone,cough
amiodarone,high blood sugar
amiodarone,confusion
amiodarone,high blood pressure
amiodarone,nausea
flecainide,dizziness
flecainide,diarrhea
flecainide,bruising
flecainide,high blood pressure
flecainide,low blood sugar
flecainide,palpitations
flecainide,dry mouth
flecainide,nausea
propafenone,stomach pain
propafenone,blurred vision
propafenone,low blood pressure
propafenone,bleeding
propafenone,headache
propafenone,weight gain
propafenone,constipation
propafenone,high blood pressure
omeprazole,fatigue
omeprazole,weight loss
omeprazole,heartburn
omeprazole,low blood pressure
omeprazole,diarrhea
omeprazole,tremors
omeprazole,weakness
omeprazole,vomiting
esomeprazole,nausea
esomeprazole,dizziness
esomeprazole,allergic reaction
esomeprazole,diarrhea
esomeprazole,shortness of breath
esomeprazole,muscle pain
esomeprazole,fatigue
esomeprazole,stomach pain
pantoprazole,sweating
pantoprazole,weight gain
pantoprazole,bruising
pantoprazole,headache
pantoprazole,constipation
pantoprazole,diarrhea
pantoprazole,fatigue
pantoprazole,weight loss
lansoprazole,rash
lansoprazole,weakness
lansoprazole,sweating
lansoprazole,allergic reaction
lansoprazole,blurred vision
lansoprazole,cough
lansoprazole,nausea
lansoprazole,bleeding
rabeprazole,weight loss
rabeprazole,cough
rabeprazole,low blood pressure
rabeprazole,tremors
rabeprazole,high blood pressure
rabeprazole,drowsiness
rabeprazole,shortness of breath
rabeprazole,confusion
famotidine,dry mouth
famotidine,high blood pressure
famotidine,weight loss
famotidine,high blood sugar
famotidine,nausea
famotidine,itching
famotidine,muscle pain
famotidine,shortness of breath
cimetidine,cough
cimetidine,constipation
cimetidine,vomiting
cimetidine,rash
cimetidine,dry mouth
cimetidine,bleeding
cimetidine,swelling
cimetidine,shortness of breath
sucralfate,confusion
sucralfate,abdominal pain
sucralfate,sweating
sucralfate,allergic reaction
sucralfate,swelling
sucralfate,itching
sucralfate,insomnia
sucralfate,headache
metoclopramide,low blood sugar
metoclopramide,diarrhea
metoclopramide,swelling
metoclopramide,confusion
metoclopramide,insomnia
metoclopramide,high blood sugar
metoclopramide,rash
metoclopramide,heartburn
ondansetron,nausea
ondansetron,palpitations
ondansetron,high blood sugar
ondansetron,stomach pain
ondansetron,heartburn
ondansetron,dry mouth
ondansetron,high blood pressure
ondansetron,fatigue
promethazine,rash
promethazine,allergic reaction
promethazine,low blood pressure
promethazine,weight gain
promethazine,dizziness
promethazine,weakness
promethazine,bleeding
promethazine,fatigue
prochlorperazine,heartburn
prochlorperazine,low blood sugar
prochlorperazine,insomnia
prochlorperazine,allergic reaction
prochlorperazine,dry mouth
prochlorperazine,itching
prochlorperazine,swelling
prochlorperazine,vomiting
loperamide,fatigue
loperamide,blurred vision
loperamide,constipation
loperamide,itching
loperamide,nausea
loperamide,cough
loperamide,stomach pain
loperamide,low blood sugar
bisacodyl,constipation
bisacodyl,weight loss
bisacodyl,insomnia
bisacodyl,blurred vision
bisacodyl,allergic reaction
bisacodyl,bleeding
bisacodyl,muscle pain
bisacodyl,drowsiness
docusate,headache
docusate,abdominal pain
docusate,drowsiness
docusate,swelling
docusate,heartburn
docusate,weight gain
docusate,shortness of breath
docusate,sweating
polyethylene glycol,low blood pressure
polyethylene glycol,diarrhea
polyethylene glycol,cough
polyethylene glycol,weakness
polyethylene glycol,confusion
polyethylene glycol,insomnia
polyethylene glycol,drowsiness
polyethylene glycol,allergic reaction
senna,drowsiness
senna,heartburn
senna,nausea
senna,abdominal pain
senna,dizziness
senna,diarrhea
senna,insomnia
senna,itching
lactulose,headache
lactulose,itching
lactulose,weakness
lactulose,muscle pain
lactulose,high blood sugar
lactulose,confusion
lactulose,fatigue
lactulose,low blood pressure
magnesium hydroxide,bruising
magnesium hydroxide,abdominal pain
magnesium hydroxide,constipation
magnesium hydroxide,high blood pressure
magnesium hydroxide,heartburn
magnesium hydroxide,insomnia
magnesium hydroxide,tremors
magnesium hydroxide,allergic reaction
amoxicillin,rash
amoxicillin,shortness of breath
amoxicillin,joint pain
amoxicillin,high blood pressure
amoxicillin,nausea
amoxicillin,weight gain
amoxicillin,itching
amoxicillin,headache
ampicillin,blurred vision
ampicillin,diarrhea
ampicillin,weakness
ampicillin,weight gain
ampicillin,allergic reaction
ampicillin,low blood sugar
ampicillin,weight loss
ampicillin,vomiting
penicillin,sweating
penicillin,rash
penicillin,stomach pain
penicillin,swelling
penicillin,insomnia
penicillin,dizziness
penicillin,drowsiness
penicillin,cough
cephalexin,diarrhea
cephalexin,sweating
cephalexin,shortness of breath
cephalexin,tremors
cephalexin,fatigue
cephalexin,nausea
cephalexin,joint pain
cephalexin,weakness
cefazolin,stomach pain
cefazolin,vomiting
cefazolin,allergic reaction
cefazolin,heartburn
cefazolin,dry mouth
cefazolin,muscle pain
cefazolin,high blood sugar
cefazolin,weakness
cefuroxime,weakness
cefuroxime,sweating
cefuroxime,bruising
cefuroxime,low blood sugar
cefuroxime,stomach pain
cefuroxime,low blood pressure
cefuroxime,dry mouth
cefuroxime,abdominal pain
cefixime,nausea
cefixime,cough
cefixime,fatigue
cefixime,dry mouth
cefixime,drowsiness
cefixime,bruising
cefixime,high blood pressure
cefixime,allergic reaction
ceftriaxone,joint pain
ceftriaxone,abdominal pain
ceftriaxone,high blood sugar
ceftriaxone,rash
ceftriaxone,low blood sugar
ceftriaxone,weakness
ceftriaxone,weight gain
ceftriaxone,headache
ceftazidime,confusion
ceftazidime,stomach pain
ceftazidime,diarrhea
ceftazidime,high blood pressure
ceftazidime,tremors
ceftazidime,low blood sugar
ceftazidime,drowsiness
ceftazidime,abdominal pain
cefepime,bruising
cefepime,heartburn
cefepime,stomach pain
cefepime,sweating
cefepime,cough
cefepime,diarrhea
cefepime,weight gain
cefepime,constipation
azithromycin,confusion
azithromycin,low blood sugar
azithromycin,bleeding
azithromycin,insomnia
azithromycin,headache
azithromycin,stomach pain
azithromycin,itching
azithromycin,allergic reaction
clarithromycin,dry mouth
clarithromycin,headache
clarithromycin,palpitations
clarithromycin,high blood sugar
clarithromycin,dizziness
clarithromycin,low blood sugar
clarithromycin,high blood pressure
clarithromycin,insomnia
erythromycin,sweating
erythromycin,weight loss
erythromycin,rash
erythromycin,bleeding
erythromycin,headache
erythromycin,abdominal pain
erythromycin,high blood pressure
erythromycin,low blood sugar
doxycycline,fatigue
doxycycline,palpitations
doxycycline,rash
doxycycline,shortness of breath
doxycycline,diarrhea
doxycycline,high blood sugar
doxycycline,dizziness
doxycycline,headache
minocycline,high blood sugar
minocycline,weight gain
minocycline,allergic reaction
minocycline,heartburn
minocycline,shortness of breath
minocycline,weight loss
minocycline,vomiting
minocycline,constipation
tetracycline,nausea
tetracycline,high blood pressure
tetracycline,allergic reaction
tetracycline,bleeding
tetracycline,low blood pressure
tetracycline,insomnia
tetracycline,vomiting
tetracycline,fatigue
ciprofloxacin,allergic reaction
ciprofloxacin,headache
ciprofloxacin,constipation
ciprofloxacin,rash
ciprofloxacin,cough
ciprofloxacin,confusion
ciprofloxacin,palpitations
ciprofloxacin,heartburn
levofloxacin,stomach pain
levofloxacin,joint pain
levofloxacin,high blood sugar
levofloxacin,insomnia
levofloxacin,allergic reaction
levofloxacin,cough
levofloxacin,dizziness
levofloxacin,weakness
moxifloxacin,nausea
moxifloxacin,heartburn
moxifloxacin,muscle pain
moxifloxacin,itching
moxifloxacin,vomiting
moxifloxacin,insomnia
moxifloxacin,drowsiness
moxifloxacin,stomach pain
trimethoprim,diarrhea
trimethoprim,itching
trimethoprim,sweating
trimethoprim,weight loss
trimethoprim,cough
trimethoprim,joint pain
trimethoprim,shortness of breath
trimethoprim,heartburn
sulfamethoxazole,nausea
sulfamethoxazole,shortness of breath
sulfamethoxazole,confusion
sulfamethoxazole,joint pain
sulfamethoxazole,abdominal pain
sulfamethoxazole,cough
sulfamethoxazole,fatigue
sulfamethoxazole,diarrhea
clindamycin,itching
clindamycin,diarrhea
clindamycin,low blood sugar
clindamycin,high blood pressure
clindamycin,weight gain
clindamycin,weight loss
clindamycin,constipation
clindamycin,blurred vision
vancomycin,blurred vision
vancomycin,fatigue
vancomycin,abdominal pain
vancomycin,drowsiness
vancomycin,rash
vancomycin,muscle pain
vancomycin,dizziness
vancomycin,itching
linezolid,palpitations
linezolid,cough
linezolid,confusion
linezolid,constipation
linezolid,fatigue
linezolid,joint pain
linezolid,weight loss
linezolid,insomnia
metronidazole,confusion
metronidazole,weight loss
metronidazole,vomiting
metronidazole,joint pain
metronidazole,shortness of breath
metronidazole,heartburn
metronidazole,rash
metronidazole,low blood sugar
nitrofurantoin,blurred vision
nitrofurantoin,itching
nitrofurantoin,nausea
nitrofurantoin,bruising
nitrofurantoin,bleeding
nitrofurantoin,abdominal pain
nitrofurantoin,weight gain
nitrofurantoin,constipation
fluconazole,abdominal pain
fluconazole,blurred vision
fluconazole,joint pain
fluconazole,low blood pressure
fluconazole,weakness
fluconazole,weight loss
fluconazole,stomach pain
fluconazole,nausea
itraconazole,constipation
itraconazole,fatigue
itraconazole,blurred vision
itraconazole,abdominal pain
itraconazole,palpitations
itraconazole,cough
itraconazole,insomnia
itraconazole,joint pain
ketoconazole,high blood sugar
ketoconazole,drowsiness
ketoconazole,fatigue
ketoconazole,muscle pain
ketoconazole,weight loss
ketoconazole,abdominal pain
ketoconazole,sweating
ketoconazole,low blood pressure
terbinafine,stomach pain
terbinafine,heartburn
terbinafine,weakness
terbinafine,low blood sugar
terbinafine,high blood sugar
terbinafine,blurred vision
terbinafine,low blood pressure
terbinafine,bleeding
acyclovir,rash
acyclovir,cough
acyclovir,dizziness
acyclovir,diarrhea
acyclovir,low blood pressure
acyclovir,dry mouth
acyclovir,drowsiness
acyclovir,vomiting
valacyclovir,weakness
valacyclovir,abdominal pain
valacyclovir,drowsiness
valacyclovir,allergic reaction
valacyclovir,cough
valacyclovir,rash
valacyclovir,high blood pressure
valacyclovir,bruising
famciclovir,rash
famciclovir,high blood pressure
famciclovir,insomnia
famciclovir,itching
famciclovir,vomiting
famciclovir,weight loss
famciclovir,sweating
famciclovir,abdominal pain
oseltamivir,weakness
oseltamivir,muscle pain
oseltamivir,headache
oseltamivir,fatigue
oseltamivir,high blood sugar
oseltamivir,joint pain
oseltamivir,confusion
oseltamivir,heartburn
albuterol,diarrhea
albuterol,weight loss
albuterol,shortness of breath
albuterol,headache
albuterol,rash
albuterol,cough
albuterol,allergic reaction
albuterol,tremors
levalbuterol,cough
levalbuterol,confusion
levalbuterol,weight loss
levalbuterol,dry mouth
levalbuterol,itching
levalbuterol,rash
levalbuterol,swelling
levalbuterol,insomnia
salmeterol,bleeding
salmeterol,high blood sugar
salmeterol,weight loss
salmeterol,insomnia
salmeterol,nausea
salmeterol,high blood pressure
salmeterol,cough
salmeterol,dry mouth
formoterol,low blood pressure
formoterol,dry mouth
formoterol,bleeding
formoterol,weight loss
formoterol,confusion
formoterol,abdominal pain
formoterol,blurred vision
formoterol,weight gain
tiotropium,blurred vision
tiotropium,heartburn
tiotropium,stomach pain
tiotropium,dizziness
tiotropium,insomnia
tiotropium,itching
tiotropium,high blood pressure
tiotropium,diarrhea
ipratropium,bleeding
ipratropium,high blood sugar
ipratropium,weight gain
ipratropium,diarrhea
ipratropium,vomiting
ipratropium,shortness of breath
ipratropium,stomach pain
ipratropium,low blood sugar
montelukast,shortness of breath
montelukast,high blood sugar
montelukast,abdominal pain
montelukast,constipation
montelukast,weakness
montelukast,sweating
montelukast,bleeding
montelukast,rash
theophylline,dizziness
theophylline,vomiting
theophylline,stomach pain
theophylline,headache
theophylline,heartburn
theophylline,high blood sugar
theophylline,bleeding
theophylline,dry mouth
budesonide,palpitations
budesonide,drowsiness
budesonide,allergic reaction
budesonide,stomach pain
budesonide,confusion
budesonide,insomnia
budesonide,cough
budesonide,weakness
fluticasone,sweating
fluticasone,drowsiness
fluticasone,shortness of breath
fluticasone,tremors
fluticasone,bleeding
fluticasone,confusion
fluticasone,allergic reaction
fluticasone,stomach pain
beclomethasone,sweating
beclomethasone,high blood sugar
beclomethasone,high blood pressure
beclomethasone,itching
beclomethasone,palpitations
beclomethasone,dizziness
beclomethasone,cough
beclomethasone,weight loss
prednisone,dry mouth
prednisone,shortness of breath
prednisone,joint pain
prednisone,diarrhea
prednisone,heartburn
prednisone,abdominal pain
prednisone,rash
prednisone,low blood pressure
prednisolone,tremors
prednisolone,shortness of breath
prednisolone,weakness
prednisolone,drowsiness
prednisolone,blurred vision
prednisolone,high blood pressure
prednisolone,dizziness
prednisolone,constipation
methylprednisolone,weight gain
methylprednisolone,constipation
methylprednisolone,joint pain
methylprednisolone,bleeding
methylprednisolone,tremors
methylprednisolone,sweating
methylprednisolone,palpitations
methylprednisolone,muscle pain
dexamethasone,heartburn
dexamethasone,sweating
dexamethasone,blurred vision
dexamethasone,joint pain
dexamethasone,dizziness
dexamethasone,rash
dexamethasone,insomnia
dexamethasone,palpitations
hydrocortisone,fatigue
hydrocortisone,joint pain
hydrocortisone,swelling
hydrocortisone,abdominal pain
hydrocortisone,allergic reaction
hydrocortisone,headache
hydrocortisone,low blood sugar
hydrocortisone,cough
levothyroxine,constipation
levothyroxine,palpitations
levothyroxine,sweating
levothyroxine,cough
levothyroxine,shortness of breath
levothyroxine,bruising
levothyroxine,weight gain
levothyroxine,swelling
methimazole,shortness of breath
methimazole,nausea
methimazole,diarrhea
methimazole,allergic reaction
methimazole,stomach pain
methimazole,fatigue
methimazole,cough
methimazole,weight loss
propylthiouracil,bruising
propylthiouracil,confusion
propylthiouracil,high blood sugar
propylthiouracil,joint pain
propylthiouracil,bleeding
propylthiouracil,vomiting
propylthiouracil,stomach pain
propylthiouracil,dry mouth
sertraline,allergic reaction
sertraline,diarrhea
sertraline,vomiting
sertraline,constipation
sertraline,nausea
sertraline,palpitations
sertraline,insomnia
sertraline,fatigue
escitalopram,heartburn
escitalopram,weight gain
escitalopram,muscle pain
escitalopram,allergic reaction
escitalopram,itching
escitalopram,palpitations
escitalopram,fatigue
escitalopram,low blood pressure
fluoxetine,dizziness
fluoxetine,itching
fluoxetine,joint pain
fluoxetine,high blood pressure
fluoxetine,abdominal pain
fluoxetine,stomach pain
fluoxetine,nausea
fluoxetine,blurred vision
paroxetine,dry mouth
paroxetine,fatigue
paroxetine,bleeding
paroxetine,heartburn
paroxetine,diarrhea
paroxetine,shortness of breath
paroxetine,stomach pain
paroxetine,bruising
citalopram,tremors
citalopram,blurred vision
citalopram,sweating
citalopram,nausea
citalopram,vomiting
citalopram,shortness of breath
citalopram,confusion
citalopram,weight loss
venlafaxine,muscle pain
venlafaxine,bleeding
venlafaxine,low blood sugar
venlafaxine,dry mouth
venlafaxine,abdominal pain
venlafaxine,weight gain
venlafaxine,nausea
venlafaxine,vomiting
duloxetine,constipation
duloxetine,vomiting
duloxetine,blurred vision
duloxetine,insomnia
duloxetine,headache
duloxetine,abdominal pain
duloxetine,weight gain
duloxetine,weakness
bupropion,heartburn
bupropion,nausea
bupropion,rash
bupropion,fatigue
bupropion,itching
bupropion,weight loss
bupropion,sweating
bupropion,cough
mirtazapine,high blood sugar
mirtazapine,confusion
mirtazapine,insomnia
mirtazapine,cough
mirtazapine,diarrhea
mirtazapine,fatigue
mirtazapine,shortness of breath
mirtazapine,vomiting
trazodone,high blood pressure
trazodone,nausea
trazodone,weakness
trazodone,bruising
trazodone,joint pain
trazodone,low blood pressure
trazodone,allergic reaction
trazodone,diarrhea
amitriptyline,bleeding
amitriptyline,insomnia
amitriptyline,allergic reaction
amitriptyline,heartburn
amitriptyline,dizziness
amitriptyline,headache
amitriptyline,shortness of breath
amitriptyline,vomiting
nortriptyline,headache
nortriptyline,swelling
nortriptyline,sweating
nortriptyline,constipation
nortriptyline,dizziness
nortriptyline,shortness of breath
nortriptyline,tremors
nortriptyline,weight gain
imipramine,bruising
imipramine,weight gain
imipramine,sweating
imipramine,palpitations
imipramine,shortness of breath
imipramine,low blood pressure
imipramine,bleeding
imipramine,heartburn
clomipramine,abdominal pain
clomipramine,high blood sugar
clomipramine,nausea
clomipramine,drowsiness
clomipramine,dizziness
clomipramine,bleeding
clomipramine,headache
clomipramine,confusion
buspirone,rash
buspirone,drowsiness
buspirone,shortness of breath
buspirone,weight loss
buspirone,bleeding
buspirone,low blood sugar
buspirone,weight gain
buspirone,cough
hydroxyzine,dry mouth
hydroxyzine,weakness
hydroxyzine,high blood pressure
hydroxyzine,high blood sugar
hydroxyzine,confusion
hydroxyzine,sweating
hydroxyzine,muscle pain
hydroxyzine,nausea
alprazolam,vomiting
alprazolam,bruising
alprazolam,allergic reaction
alprazolam,cough
alprazolam,blurred vision
alprazolam,heartburn
alprazolam,rash
alprazolam,low blood sugar
lorazepam,stomach pain
lorazepam,drowsiness
lorazepam,fatigue
lorazepam,diarrhea
lorazepam,nausea
lorazepam,constipation
lorazepam,low blood pressure
lorazepam,cough
diazepam,drowsiness
diazepam,muscle pain
diazepam,fatigue
diazepam,vomiting
diazepam,nausea
diazepam,low blood sugar
diazepam,stomach pain
diazepam,weight gain
clonazepam,diarrhea
clonazepam,stomach pain
clonazepam,weight loss
clonazepam,weight gain
clonazepam,bruising
clonazepam,palpitations
clonazepam,weakness
clonazepam,insomnia
midazolam,rash
midazolam,stomach pain
midazolam,weakness
midazolam,heartburn
midazolam,headache
midazolam,low blood sugar
midazolam,low blood pressure
midazolam,constipation
temazepam,diarrhea
temazepam,weight loss
temazepam,abdominal pain
temazepam,palpitations
temazepam,dry mouth
temazepam,constipation
temazepam,stomach pain
temazepam,low blood pressure
zolpidem,itching
zolpidem,palpitations
zolpidem,shortness of breath
zolpidem,swelling
zolpidem,weight loss
zolpidem,dizziness
zolpidem,nausea
zolpidem,insomnia
eszopiclone,sweating
eszopiclone,palpitations
eszopiclone,constipation
eszopiclone,joint pain
eszopiclone,low blood pressure
eszopiclone,drowsiness
eszopiclone,weakness
eszopiclone,cough
haloperidol,high blood sugar
haloperidol,high blood pressure
haloperidol,palpitations
haloperidol,vomiting
haloperidol,blurred vision
haloperidol,itching
haloperidol,nausea
haloperidol,low blood pressure
risperidone,weight gain
risperidone,heartburn
risperidone,muscle pain
risperidone,high blood pressure
risperidone,high blood sugar
risperidone,vomiting
risperidone,tremors
risperidone,palpitations
olanzapine,itching
olanzapine,abdominal pain
olanzapine,palpitations
olanzapine,drowsiness
olanzapine,weight loss
olanzapine,nausea
olanzapine,sweating
olanzapine,heartburn
quetiapine,palpitations
quetiapine,constipation
quetiapine,nausea
quetiapine,muscle pain
quetiapine,dry mouth
quetiapine,weight gain
quetiapine,high blood pressure
quetiapine,low blood sugar
aripiprazole,insomnia
aripiprazole,low blood sugar
aripiprazole,muscle pain
aripiprazole,sweating
aripiprazole,palpitations
aripiprazole,abdominal pain
aripiprazole,fatigue
aripiprazole,confusion
ziprasidone,itching
ziprasidone,allergic reaction
ziprasidone,low blood sugar
ziprasidone,drowsiness
ziprasidone,constipation
ziprasidone,shortness of breath
ziprasidone,weakness
ziprasidone,diarrhea
clozapine,low blood sugar
clozapine,heartburn
clozapine,shortness of breath
clozapine,muscle pain
clozapine,constipation
clozapine,rash
clozapine,low blood pressure
clozapine,joint pain
lithium,abdominal pain
lithium,bruising
lithium,vomiting
lithium,joint pain
lithium,heartburn
lithium,fatigue
lithium,dizziness
lithium,itching
valproate,weight loss
valproate,high blood sugar
valproate,drowsiness
valproate,weakness
valproate,bleeding
valproate,shortness of breath
valproate,headache
valproate,allergic reaction
carbamazepine,dizziness
carbamazepine,diarrhea
carbamazepine,muscle pain
carbamazepine,shortness of breath
carbamazepine,sweating
carbamazepine,stomach pain
carbamazepine,bruising
carbamazepine,confusion
lamotrigine,bleeding
lamotrigine,shortness of breath
lamotrigine,drowsiness
lamotrigine,low blood pressure
lamotrigine,allergic reaction
lamotrigine,muscle pain
lamotrigine,weakness
lamotrigine,dizziness
levetiracetam,allergic reaction
levetiracetam,dizziness
levetiracetam,swelling
levetiracetam,low blood pressure
levetiracetam,shortness of breath
levetiracetam,bleeding
levetiracetam,muscle pain
levetiracetam,headache
phenytoin,high blood sugar
phenytoin,rash
phenytoin,tremors
phenytoin,cough
phenytoin,weakness
phenytoin,muscle pain
phenytoin,confusion
phenytoin,bleeding
topiramate,fatigue
topiramate,weight loss
topiramate,dry mouth
topiramate,shortness of breath
topiramate,cough
topiramate,sweating
topiramate,insomnia
topiramate,abdominal pain
gabapentin,dry mouth
gabapentin,shortness of breath
gabapentin,rash
gabapentin,sweating
gabapentin,high blood pressure
gabapentin,joint pain
gabapentin,constipation
gabapentin,abdominal pain
pregabalin,heartburn
pregabalin,rash
pregabalin,weakness
pregabalin,fatigue
pregabalin,stomach pain
pregabalin,blurred vision
pregabalin,low blood sugar
pregabalin,joint pain
sumatriptan,cough
sumatriptan,bruising
sumatriptan,tremors
sumatriptan,rash
sumatriptan,constipation
sumatriptan,shortness of breath
sumatriptan,high blood pressure
sumatriptan,dizziness
rizatriptan,itching
rizatriptan,weakness
rizatriptan,low blood pressure
rizatriptan,diarrhea
rizatriptan,nausea
rizatriptan,rash
rizatriptan,bruising
rizatriptan,blurred vision
zolmitriptan,bruising
zolmitriptan,allergic reaction
zolmitriptan,high blood sugar
zolmitriptan,palpitations
zolmitriptan,weight gain
zolmitriptan,nausea
zolmitriptan,stomach pain
zolmitriptan,dizziness
tramadol,blurred vision
tramadol,nausea
tramadol,dry mouth
tramadol,bruising
tramadol,muscle pain
tramadol,palpitations
tramadol,low blood pressure
tramadol,joint pain
morphine,confusion
morphine,allergic reaction
morphine,weight gain
morphine,insomnia
morphine,shortness of breath
morphine,constipation
morphine,high blood sugar
morphine,itching
oxycodone,shortness of breath
oxycodone,sweating
oxycodone,heartburn
oxycodone,confusion
oxycodone,headache
oxycodone,blurred vision
oxycodone,rash
oxycodone,muscle pain
hydrocodone,drowsiness
hydrocodone,sweating
hydrocodone,bruising
hydrocodone,high blood pressure
hydrocodone,allergic reaction
hydrocodone,nausea
hydrocodone,cough
hydrocodone,high blood sugar
fentanyl,confusion
fentanyl,weight gain
fentanyl,insomnia
fentanyl,shortness of breath
fentanyl,weakness
fentanyl,nausea
fentanyl,rash
fentanyl,weight loss
methadone,low blood sugar
methadone,heartburn
methadone,diarrhea
methadone,sweating
methadone,tremors
methadone,weight gain
methadone,abdominal pain
methadone,muscle pain
codeine,rash
codeine,weight gain
codeine,muscle pain
codeine,heartburn
codeine,bruising
codeine,palpitations
codeine,allergic reaction
codeine,tremors
buprenorphine,itching
buprenorphine,high blood pressure
buprenorphine,high blood sugar
buprenorphine,vomiting
buprenorphine,shortness of breath
buprenorphine,blurred vision
buprenorphine,confusion
buprenorphine,insomnia
naloxone,weight gain
naloxone,swelling
naloxone,confusion
naloxone,low blood pressure
naloxone,heartburn
naloxone,weight loss
naloxone,abdominal pain
naloxone,rash
naltrexone,high blood sugar
naltrexone,headache
naltrexone,muscle pain
naltrexone,constipation
naltrexone,dizziness
naltrexone,high blood pressure
naltrexone,rash
naltrexone,bleeding
rifampin,constipation
rifampin,nausea
rifampin,stomach pain
rifampin,confusion
rifampin,low blood pressure
rifampin,itching
rifampin,shortness of breath
rifampin,muscle pain
isoniazid,muscle pain
isoniazid,sweating
isoniazid,heartburn
isoniazid,allergic reaction
isoniazid,fatigue
isoniazid,joint pain
isoniazid,rash
isoniazid,weight gain
pyrazinamide,allergic reaction
pyrazinamide,blurred vision
pyrazinamide,low blood pressure
pyrazinamide,itching
pyrazinamide,abdominal pain
pyrazinamide,stomach pain
pyrazinamide,weakness
pyrazinamide,diarrhea
ethambutol,rash
ethambutol,high blood pressure
ethambutol,allergic reaction
ethambutol,fatigue
ethambutol,insomnia
ethambutol,swelling
ethambutol,shortness of breath
ethambutol,confusion
allopurinol,confusion
allopurinol,low blood pressure
allopurinol,palpitations
allopurinol,dizziness
allopurinol,weakness
allopurinol,weight loss
allopurinol,dry mouth
allopurinol,insomnia
colchicine,allergic reaction
colchicine,tremors
colchicine,weakness
colchicine,sweating
colchicine,itching
colchicine,swelling
colchicine,abdominal pain
colchicine,dry mouth
febuxostat,nausea
febuxostat,tremors
febuxostat,muscle pain
febuxostat,dry mouth
febuxostat,shortness of breath
febuxostat,fatigue
febuxostat,drowsiness
febuxostat,low blood sugar
tamsulosin,low blood sugar
tamsulosin,bruising
tamsulosin,abdominal pain
tamsulosin,joint pain
tamsulosin,stomach pain
tamsulosin,low blood pressure
tamsulosin,fatigue
tamsulosin,weight gain
finasteride,weakness
finasteride,constipation
finasteride,abdominal pain
finasteride,shortness of breath
finasteride,blurred vision
finasteride,stomach pain
finasteride,sweating
finasteride,confusion
dutasteride,muscle pain
dutasteride,nausea
dutasteride,weight gain
dutasteride,itching
dutasteride,high blood pressure
dutasteride,diarrhea
dutasteride,shortness of breath
dutasteride,fatigue
sildenafil,sweating
sildenafil,heartburn
sildenafil,fatigue
sildenafil,allergic reaction
sildenafil,abdominal pain
sildenafil,weakness
sildenafil,low blood sugar
sildenafil,insomnia
tadalafil,fatigue
tadalafil,itching
tadalafil,blurred vision
tadalafil,drowsiness
tadalafil,cough
tadalafil,bleeding
tadalafil,muscle pain
tadalafil,high blood pressure
cetirizine,abdominal pain
cetirizine,cough
cetirizine,rash
cetirizine,low blood sugar
cetirizine,muscle pain
cetirizine,heartburn
cetirizine,sweating
cetirizine,diarrhea
loratadine,bleeding
loratadine,headache
loratadine,weight gain
loratadine,sweating
loratadine,itching
loratadine,high blood sugar
loratadine,confusion
loratadine,stomach pain
